﻿{
  "ProviderId": "Microsoft.VisualStudio.ConnectedService.Wcf",
  "Version": "15.0.40203.910",
  "ExtendedData": {
    "inputs": [
      "http://paramedicapps.com.ar:57772/csp/shaman/WebServices.WebApps.cls?wsdl"
    ],
    "collectionTypes": [
      "System.Array",
      "System.Collections.Generic.Dictionary`2"
    ],
    "namespaceMappings": [
      "*, WSWebApps"
    ],
    "references": [
      "C:\\Paramedic\\_Servicios\\AndroidTranferUploads\\src\\AndroidTransferUploads.Core\\bin\\Debug\\netstandard2.0\\ShamanClases.dll",
      "C:\\Paramedic\\_Servicios\\AndroidTranferUploads\\src\\AndroidTransferUploads.Core\\bin\\Debug\\netstandard2.0\\ShamanClases_CSharp.dll",
      "System.Configuration.ConfigurationManager, {System.Configuration.ConfigurationManager, 4.7.0}",
      "System.Security.AccessControl, {System.Security.AccessControl, 4.7.0}",
      "System.Security.Permissions, {System.Security.Permissions, 4.7.0}",
      "System.Security.Principal.Windows, {System.Security.Principal.Windows, 4.7.0}",
      "System.ServiceModel, {System.ServiceModel.Primitives, 4.4.4}",
      "System.ServiceModel.Duplex, {System.ServiceModel.Duplex, 4.4.4}",
      "System.ServiceModel.Http, {System.ServiceModel.Http, 4.4.4}",
      "System.ServiceModel.NetTcp, {System.ServiceModel.NetTcp, 4.4.4}",
      "System.ServiceModel.Primitives, {System.ServiceModel.Primitives, 4.4.4}",
      "System.ServiceModel.Security, {System.ServiceModel.Security, 4.4.4}"
    ],
    "sync": true,
    "targetFramework": "netstandard2.0",
    "typeReuseMode": "All"
  }
}